Sample,0_Mean_Ang,0_Variance_Ang,0_Skewness_Ang,0_Kurtosis_Ang,0_Standard_dev_Ang,0_Max_Ang,Dyn_Range_Ang,0_Mean_bra,0_Variance_bra,0_Skewness_bra,0_Kurtosis_bra,0_Standard_bra,0_Max_bra,Dyn_Range_bra,0_Mean_thr,0_Variance_thr,0_Skewness_thr,0_Kurtosis_thr,0_Standard_dev_thr,0_Max_thr,Dyn_Range_thr,DRIVER
1,0.558604972,0.170896092,-0.032529399,-1.114459661,0.413395805,1.307642053,1.541463862,0,0,0,-3,0,0,0,0.676931841,1.22E-05,-0.324239628,-1.873362127,0.003488555,0.679931302,0.007141888,0
2,-0.264573434,0.470466283,-0.108305239,-0.588645659,0.685905447,0.963010009,2.73535023,0,0,0,-3,0,0,0,0.593708952,0.010926629,-1.258955881,0.205667957,0.104530516,0.672789414,0.382515261,0
3,-4.168808522,0.783077539,1.397149786,2.307700277,0.884916685,-1.643078302,4.003450501,0,0,0,-3,0,0,0,0.388789889,0.012319629,-0.681400534,0.560381077,0.110993825,0.557768147,0.540500258,0
4,-6.279611689,0.188675328,-0.145459736,-1.471533753,0.434367734,-5.683589017,1.214816631,0,0,0,-3,0,0,0,0.587533098,0.000147448,-0.530776563,-1.470823403,0.012142832,0.597934477,0.036075411,0
5,-4.95220634,1.821852952,0.726792416,-0.891224303,1.349760331,-2.307934725,4.216206064,0,0,0,-3,0,0,0,0.593350391,2.16E-05,-1.148240956,0.519512993,0.004645349,0.597934477,0.01586089,0
6,-1.017128708,0.883442422,-0.339715725,-1.553533191,0.939916178,0.406113339,2.809485559,0.054198495,0.005768636,0.860670342,-1.009130144,0.075951538,0.217306998,0.217306998,0.296945979,0.066787432,-0.178497171,-1.873335761,0.258432645,0.582073587,0.582073587,0
7,-0.233760277,3.75E-07,9.84937059,95.01010101,0.000612239,-0.227668577,0.006153232,0.115356758,0.023148099,0.837950957,-0.862775306,0.152144995,0.440203077,0.440203077,0.172300109,0.052394707,0.786958828,-1.221090846,0.228898902,0.590036527,0.590036527,0
8,0.152782192,0.829749774,-1.586407645,1.614761665,0.910906018,0.824549993,3.289497542,0,0,0,-3,0,0,0,0.62539656,0.000394358,0.188365118,-1.54031514,0.019858443,0.654700637,0.060707078,0
9,-11.23670973,32.06147755,0.374744316,-1.501538303,5.662285541,-2.464947549,14.83599808,0,0,0,-3,0,0,0,0.66054255,3.81E-05,-0.866866073,0.21642998,0.006174625,0.669198607,0.021829228,0
10,-8.407534438,67.48065723,0.397128125,-1.611555508,8.214661114,3.718566601,20.52612637,0,0,0,-3,0,0,0,0.658345543,0,0,-3,0,0.658345543,0,0
11,-0.089734827,1.80513645,0.299271318,-1.214719936,1.343553665,2.437238379,4.292679239,0,0,0,-3,0,0,0,0.659395446,8.83E-06,-1.35906091,1.758648411,0.0029717,0.661976772,0.010934822,0
12,-0.817823082,1.211016807,0.268587405,-1.413333003,1.100462088,1.436888078,3.726351614,0,0,0,-3,0,0,0,0.42521351,0.049823559,-0.552341009,-1.369224542,0.223211916,0.65104195,0.626633997,0
13,0.351380169,0.009438371,0.416797108,-1.271692487,0.09715128,0.516873619,0.270745342,0,0,0,-3,0,0,0,0.137448877,0.002600778,-0.942153278,0.31947974,0.05099782,0.211461215,0.201386463,0
14,0.107311735,0.000802918,4.69485534,20.04166667,0.028335808,0.246128277,0.144600565,0.235743414,0.009171785,-1.468487766,0.665881076,0.095769439,0.311655679,0.311655679,0.002845582,0.000206683,5.112674256,25.25119569,0.01437646,0.093078086,0.093078086,0
15,-0.403259344,0.148713213,-0.068564987,-1.386718358,0.385633522,0.129217121,1.166074229,0.284216834,0.000587307,-0.426801017,-1.326201381,0.024234427,0.311655679,0.065638015,0,0,0,-3,0,0,0,0
16,0.092513302,0.002289935,0.442087529,-1.683442187,0.047853261,0.159983158,0.107681019,0.259219303,7.07E-06,0.628970902,-1.604395604,0.002659726,0.262843899,0.005576301,0,0,0,-3,0,0,0,0
17,0.052302139,4.33E-34,0,-3,2.08E-17,0.052302139,0,0.211427888,0.00062822,0.428569423,-0.443303208,0.025064321,0.257267598,0.100094901,0,0,0,-3,0,0,0,0
18,0.064485477,0.001122779,2.727782137,5.96648989,0.0335079,0.181519405,0.129217266,0.037116319,0.002255713,0.788337824,-0.763049832,0.047494347,0.150950926,0.150950926,0.256546238,0.048596244,-0.267201718,-1.853940493,0.220445558,0.549534057,0.549534057,0
19,-1.684420764,6.271961851,-0.968786624,-0.567518644,2.504388518,0.181519405,7.401789715,0,0,0,-3,0,0,0,0.45569605,0.002945984,0.524882605,-1.454184663,0.054276916,0.541229304,0.143611893,0
20,-15.32704931,10.67436058,0.797287622,-0.271065762,3.267163997,-7.31934085,11.59918079,0,0,0,-3,0,0,0,0.565587722,3.85E-05,-2.163788487,6.476023818,0.006201168,0.574029075,0.032799771,0
21,-7.50420186,45.77414192,0.171426482,-1.73808214,6.765659016,1.553829868,16.56434662,0,0,0,-3,0,0,0,0.574391136,1.33E-06,2.865311887,6.21001221,0.001151279,0.57805197,0.004022895,0
22,-0.093404427,1.785606966,-0.754225174,-1.180210905,1.336266053,0.993779476,3.474121203,0,0,0,-3,0,0,0,0.607419689,0.000197818,-1.023652814,-0.510779973,0.014064793,0.61740187,0.0393499,0
23,0.335447587,0.121220153,-0.012625675,-0.136007069,0.348166846,0.947625357,1.39681198,0.148755498,0.020602198,0.229639037,-1.610549858,0.143534657,0.368129684,0.368129684,0.101807612,0.03780009,1.809587686,1.657566046,0.194422453,0.61740187,0.61740187,0
24,0.342952991,0.054494976,1.983396914,2.122067605,0.23344159,0.938394592,0.701496167,0.018816752,0.003496342,3.023806342,7.451270092,0.059129871,0.228893679,0.228893679,0.171423275,0.011486385,0.05744561,-1.188858151,0.107174552,0.337734904,0.337734904,0
25,0.938394592,4.93E-32,0,-3,2.22E-16,0.938394592,0,0.131103305,0.014603203,0.239925438,-1.670558299,0.120843714,0.290274153,0.287446405,0,0,0,-3,0,0,0,0
26,0.474169476,0.911108799,-1.482866551,0.564658197,0.954520193,1.024549168,3.003107731,0.000560293,4.92E-06,3.951298666,13.9454076,0.002218339,0.010074752,0.010074752,0.454178794,0.019055098,-2.773130562,5.994945137,0.138040204,0.520150161,0.520150161,0
27,-7.097190942,17.44702738,-0.284336684,-1.543751671,4.176963895,-2.000104882,11.6142172,0,0,0,-3,0,0,0,0.429461895,0.002432129,-0.336850426,-0.878459007,0.049316617,0.507278702,0.169543798,0
28,-11.9150212,5.518625593,1.536228817,1.027052212,2.349175513,-5.572413882,8.400585288,0,0,0,-3,0,0,0,0.428215557,0.006315111,0.31767841,-1.566869828,0.079467674,0.537050047,0.199315143,0
29,-4.813480851,3.397777273,1.84971215,2.365239317,1.843306071,1.169169925,7.189475517,0,0,0,-3,0,0,0,0.580872607,0.001017435,-1.436802772,0.340883524,0.031897253,0.601859412,0.09458071,0
30,0.170189462,1.676343752,0.227097773,-1.237710287,1.294736943,2.43415961,3.920285745,0,0,0,-3,0,0,0,0.595727563,3.83E-06,0.241746889,-1.941558442,0.00195622,0.597934477,0.003940918,0
31,0.502170595,1.16373581,-1.32516208,0.520291445,1.078765873,1.590759888,3.981817304,0,0,0,-3,0,0,0,0.600988803,1.64E-05,0.93079545,-0.362493153,0.004050511,0.609661844,0.015668285,0
32,-3.856588192,3.655596841,-0.135948479,-1.112905585,1.911961517,-1.138399088,6.054010664,0.023356128,0.003494446,2.395062386,4.208813358,0.059113842,0.217306998,0.217306998,0.354768675,0.03742882,-0.776246549,-0.623444827,0.193465293,0.586063247,0.586063247,0
33,-3.046999833,4.047060282,-0.574493219,-1.007043883,2.011730668,-0.396883374,6.337560644,0,0,0,-3,0,0,0,0.495697569,0.003052265,0.34543647,-1.240860506,0.05524731,0.590036527,0.187593769,0
34,-7.270534657,1.794790825,0.743600221,-0.16269185,1.339698035,-3.937386102,4.994400186,0,0,0,-3,0,0,0,0.60698152,6.71E-05,-1.10458456,-0.077435065,0.00819008,0.613539595,0.023503068,0
35,-1.354372418,5.667918647,-0.05255103,-1.596773787,2.380739097,2.009339086,6.594209663,0.024365924,0.00405101,2.442111984,4.28050547,0.063647548,0.223117679,0.223117679,0.312777781,0.047748495,-0.078448899,-1.430566382,0.218514289,0.605768491,0.605768491,0
36,-0.071044538,0.263214475,-0.689359443,-0.456277349,0.51304432,0.615328459,1.661416547,0,0,0,-3,0,0,0,0.486760989,0.014621462,-0.996536087,1.642331668,0.120919238,0.632538109,0.593979191,0
37,-0.217894511,0.345578781,-0.074777582,-1.407059461,0.587859491,0.664556398,1.719875488,0,0,0,-3,0,0,0,0.633367031,5.76E-05,3.68410019,15.25508893,0.007591222,0.676366946,0.047572444,0
38,0.412858562,0.276439292,-1.082548885,0.718217353,0.525774944,0.984548613,2.039867703,0,0,0,-3,0,0,0,0.727104039,0.000148791,-1.381953555,1.809018902,0.012197974,0.738599046,0.055116469,0
39,-0.521484016,6.409465672,-1.098897634,-0.173417809,2.531692255,1.590759888,8.63150742,0,0,0,-3,0,0,0,0.683855148,0.001065317,-0.277517245,-1.510407141,0.032639195,0.728500991,0.0922337,0
40,-5.919492004,6.4194135,0.127135551,-1.438767124,2.533656153,-2.424923336,8.112335244,0,0,0,-3,0,0,0,0.627698228,1.53E-05,-0.097307156,-0.647724922,0.003913803,0.636267291,0.015003733,0
41,-5.100346479,19.70618514,-0.498094363,-1.39969458,4.439164915,0.932240759,12.84040104,0,0,0,-3,0,0,0,0.625036356,1.23E-32,0,-3,1.11E-16,0.625036356,0,0
42,0.817357398,2.394677335,-0.48889601,-1.26477305,1.547474502,2.828289106,4.495988206,0.041146351,0.005855732,1.64988971,1.172138745,0.076522752,0.234635408,0.234635408,0.208755988,0.058255614,0.752942576,-1.26618486,0.241361998,0.621263558,0.621263558,0
43,1.21641092,2.749186935,-1.310013709,0.286422041,1.658067229,2.772858664,5.582670729,0,0,0,-3,0,0,0,0.22842377,0.00697282,-0.239394831,-1.173469443,0.083503411,0.353051621,0.266622809,0
44,-2.390632742,0.417145708,-1.019588043,-0.020326799,0.645868182,-1.615380187,2.198721971,0.143088847,0.010295193,-0.582535986,-1.518907189,0.101465232,0.251658979,0.251658979,0.053894585,0.007980733,1.234501544,-0.084772278,0.089334949,0.311655679,0.311655679,0
45,-2.152983896,0.065181918,-0.130611985,-1.656892335,0.255307498,-1.880063851,0.754227487,0.007848404,0.000193233,1.880895011,2.215872139,0.01390082,0.045544167,0.045544167,0.157485019,0.017572902,-0.148488537,-1.703634825,0.132562824,0.35810379,0.35810379,0
46,-0.912929251,0.739029501,0.289477849,-1.534750252,0.859668251,0.461493311,2.406193813,0,0,0,-3,0,0,0,0.566456,0.00343767,-1.712607097,2.184602596,0.058631646,0.61740187,0.244297925,0
47,-0.527258397,0.893651828,-1.568063168,0.944062122,0.945331597,0.129217121,3.222369799,0,0,0,-3,0,0,0,0.574245637,0.002221598,-1.455828828,2.140811443,0.047133827,0.61740187,0.205380005,0
48,-0.600265326,5.293093283,0.246371819,-1.509791979,2.300672355,2.822130067,6.174036499,0,0,0,-3,0,0,0,0.564938763,0.00019878,0.31249881,-1.476443826,0.014098919,0.586063247,0.03652919,0
49,-5.091295389,10.06764258,0.123461738,-1.370108382,3.172954865,0.603021531,10.1097393,0,0,0,-3,0,0,0,0.551019346,3.92E-06,0.583333333,-1.659722222,0.001980385,0.553659859,0.004125802,0
50,-6.715138346,2.079814494,-0.110367805,-1.226235648,1.442156196,-4.427584815,4.609811038,0,0,0,-3,0,0,0,0.549082492,0.000236356,-2.148387311,3.405956377,0.01537387,0.557768147,0.054818259,0
51,0.311429666,3.548785255,-1.599659307,1.888300801,1.883821981,2.38182137,7.880127592,0.704982717,0.133615231,-1.108780168,-0.356475719,0.365534172,1,1,0.061853118,0.022801669,2.17770999,2.977698018,0.151002217,0.498601623,0.498601623,0
52,-1.243018734,1.086937414,0.890157805,-1.110565924,1.042562906,0.510720234,2.609325426,0.222996711,0.127744449,1.086776208,-0.659384177,0.357413555,0.94037287,0.94037287,0.389561716,0.067518304,-0.779720879,-1.307300507,0.259842844,0.609661844,0.609661844,0
53,-1.653978926,0.030004972,-0.215411752,-1.657317652,0.173219432,-1.421501357,0.49241955,0,0,0,-3,0,0,0,0.620756796,5.78E-05,-0.561189478,-1.414570676,0.007605421,0.628794502,0.019132658,0
54,-0.064009088,1.357931503,-0.08813669,-1.531432556,1.165303181,1.498435782,3.113815969,0,0,0,-3,0,0,0,0.653473803,0.000394519,-0.022754462,-1.727320296,0.019862513,0.679931302,0.0511368,0
55,0.114325697,0.543882859,-0.507325871,-0.769548229,0.737484142,1.421501357,2.77837935,0,0,0,-3,0,0,0,0.657922218,4.46E-05,0.587872625,-0.779834703,0.006675633,0.672789414,0.021747464,0
56,-2.486216454,0.990979268,-0.229575241,-1.248566837,0.995479416,-1.236866703,2.937881425,0,0,0,-3,0,0,0,0.625245038,0.000532253,-0.616521968,-0.746635824,0.023070603,0.65104195,0.068968363,0
57,-4.758742703,2.980503887,-0.188973882,-1.551901262,1.726413591,-2.33564186,4.869150199,0.134776257,0.035657657,0.841218705,-1.11611175,0.18883235,0.480993441,0.480993441,0.272290998,0.05409497,-0.168385866,-1.784681571,0.232583255,0.57805197,0.57805197,0
58,-5.110260359,6.285964378,-1.411236636,0.604544502,2.507182558,-3.330341637,8.443316713,0,0,0,-3,0,0,0,0.495735438,0.000478341,-1.54625583,1.750927912,0.021871001,0.520150161,0.09393511,0
59,-10.97057946,3.937138279,0.455354873,-1.200243947,1.984222336,-7.660026933,5.743684577,0,0,0,-3,0,0,0,0.534192841,0.000336112,-0.616661832,-1.276655664,0.018333361,0.549534057,0.050932434,0
60,-11.89745373,10.72843762,1.648392604,1.824164565,3.275429379,-2.117074533,12.33796727,0,0,0,-3,0,0,0,0.55093028,1.65E-05,-1.295812147,0.391075133,0.004065512,0.553659859,0.012430555,0
61,0.205550485,1.080385873,0.849940643,0.135272917,1.039416121,2.631212203,4.609770766,0,0,0,-3,0,0,0,0.611519348,0.001667376,-0.39066793,-1.178029753,0.040833521,0.683482577,0.142253273,0
62,0.699368121,0.679753906,0.82983435,-0.519599917,0.824471895,2.298699107,2.695582481,0.147430049,0.049860327,0.95519382,-0.966450018,0.223294262,0.553659859,0.553659859,0.454821722,0.115878259,-0.500971842,-1.655720599,0.340408959,0.761759296,0.761759296,0
63,-1.22892732,0.220585823,0.443541173,1.835748112,0.46966565,0.230745193,2.483266907,0.58381215,0.06662118,-1.472769119,0.853668916,0.25811079,0.869910795,0.869910795,0.055689025,0.022897087,2.457185293,4.195272976,0.151317834,0.507278702,0.507278702,0
64,-2.251875295,0.000210632,0.141415747,-1.555653045,0.014513162,-2.215580623,0.052333427,0.280863496,0.072522663,-0.012127919,-1.898131858,0.269300321,0.654700637,0.654700637,0.215669325,0.060787562,0.321507827,-1.846365133,0.246551338,0.528636995,0.528636995,0
65,-1.548237873,0.2096348,-0.304717964,-1.780014586,0.45785893,-1.14147616,1.067947685,0.08151935,0.025988921,1.82622287,1.810620891,0.161210796,0.520150161,0.520150161,0.095782895,0.019008679,1.667217809,1.427134382,0.137871966,0.472076341,0.472076341,0
66,-0.76853087,0.585996826,2.45440457,5.289738363,0.765504295,2.357192149,3.578673105,0.092008361,0.017739389,0.886410005,-1.034332872,0.133189297,0.337734904,0.337734904,0.344765942,0.070738599,-0.471599862,-1.715061749,0.265967289,0.582073587,0.582073587,0
67,12.809116,33.6668953,-0.395781593,-1.251779604,5.802318097,19.47090919,16.98440975,0,0,0,-3,0,0,0,0.585899568,8.53E-06,0.358897704,-0.259136895,0.002920312,0.593993559,0.011919972,0
68,16.09869149,23.34001176,-1.364213472,0.581147529,4.831150149,19.47090919,16.59950609,0,0,0,-3,0,0,0,0.614317978,0.000208922,-0.1052208,-1.73264699,0.014454145,0.639982157,0.045988598,0
69,0.425133454,2.993396609,-0.256834424,-1.315410434,1.730143523,3.022312199,5.311775735,0,0,0,-3,0,0,0,0.584000672,0.010376463,-1.470161903,0.592751518,0.101864923,0.65104195,0.339386271,0
70,5.053156753,12.20516286,-0.822706381,0.266602917,3.493588822,9.727561463,12.37109024,0,0,0,-3,0,0,0,0.444420217,0.021368809,-0.837859789,0.112167868,0.146180742,0.621263558,0.603995669,0
71,15.12470299,11.64730035,-0.438356755,-1.485335047,3.41281414,18.54352377,8.837740553,0,0,0,-3,0,0,0,0.606373348,0.000736375,-2.27443066,4.798976766,0.027136238,0.621263558,0.127029826,0
72,-7.34430391,147.0186537,1.144327357,-0.30477837,12.12512489,17.34874367,34.30899198,0,0,0,-3,0,0,0,0.392895368,0.029930951,-0.186422562,-1.146505608,0.173005639,0.632538109,0.629710361,0
73,-13.60951625,2.240416371,-0.60576602,-0.212657741,1.496802048,-11.56731034,5.38657413,0,0,0,-3,0,0,0,0.671958325,0.000360626,-0.491044734,-0.469760871,0.018990167,0.701046061,0.068507952,0
74,-3.33327762,13.78324268,-1.178288207,-0.124985257,3.71257898,0.56917759,12.34909073,0.145964106,0.022831097,0.542868482,-1.130088059,0.151099624,0.421507081,0.421507081,0.182436949,0.066174753,0.856284864,-1.077336708,0.257244539,0.647369379,0.647369379,0
75,-1.438920432,0.008148136,3.262369563,11.46105363,0.090267029,-0.978394715,0.513886236,0.11247167,0.033450779,1.046609719,-0.856631241,0.182895541,0.430900228,0.430900228,0.412745674,0.070258599,-0.867645519,-1.177588689,0.265063387,0.621263558,0.621263558,0
76,12.14240296,66.10888984,-0.120503468,-1.452168822,8.130737349,22.43657875,23.34112736,0,0,0,-3,0,0,0,0.618552182,2.08E-05,-1.256815079,-0.227780252,0.004555679,0.621263558,0.011601714,0
77,13.09908989,69.86183604,-0.220380528,-1.654676011,8.358339311,22.43657875,21.03661867,0,0,0,-3,0,0,0,0.624621348,1.39E-06,-2.492890811,4.214504597,0.00118047,0.625036356,0.003772798,0
78,5.790422559,3.693653399,-0.124132944,-0.400311551,1.921887978,9.733784019,7.524360174,0,0,0,-3,0,0,0,0.620070223,2.22E-05,-0.3610617,-1.475335339,0.004711107,0.625036356,0.011496761,0
79,5.854288563,23.88107561,-0.29163193,-1.22974938,4.886826742,12.02393487,14.82758797,0,0,0,-3,0,0,0,0.621151205,1.83E-05,-1.598346848,2.549624028,0.004276307,0.625036356,0.019267865,0
80,-0.608068117,0.927322791,-0.732280307,-0.791582684,0.962976007,0.421496633,3.178958314,0,0,0,-3,0,0,0,0.290006229,0.034163203,0.454557943,-1.141781067,0.184832906,0.601859412,0.59178466,0
81,-0.14343186,0.124879753,0.741150824,-1.425685435,0.353383295,0.427649957,0.818380025,0.03344808,0.003853134,1.659316387,1.198523982,0.06207362,0.187718422,0.187718422,0.119382507,0.009098151,-0.015036319,-1.236435167,0.095384227,0.295663987,0.295663987,0
82,-0.390730068,1.23E-32,0,-3,1.11E-16,-0.390730068,0,0,0,0,-3,0,0,0,0.363267132,0.021901089,-0.709867859,-1.139864726,0.147990165,0.502949888,0.471427006,0
83,-0.165459016,0.115371667,1.782846521,1.683578398,0.339664051,0.71378472,1.104514788,0,0,0,-3,0,0,0,0.496346263,0.000554968,-0.520533633,0.132649038,0.023557757,0.537050047,0.09684697,0
84,0.339351571,0.043443291,-0.784312986,-0.604078485,0.208430543,0.670709916,0.692246089,0,0,0,-3,0,0,0,0.441560394,0.012372739,-1.771906422,2.692869239,0.111232816,0.532852664,0.508444711,0
85,1.208083297,1.279176496,0.337915437,-1.478403737,1.13100685,2.929916981,2.951453154,0,0,0,-3,0,0,0,0.513944959,0.001445502,-1.595530327,2.607460379,0.038019753,0.561859066,0.188755121,0
86,4.280764473,0.471082849,-0.458691475,-0.72442862,0.686354755,5.282199441,2.543213935,0,0,0,-3,0,0,0,0.436336267,0.013076649,-1.719259639,2.35957012,0.114353177,0.537050047,0.498491129,0
87,5.319485641,3.580715813,0.202195742,-1.267523445,1.892277943,8.906940403,5.786066537,0.173976227,0.045203876,0.467223214,-1.710640059,0.212612031,0.463076309,0.463076309,0.147169146,0.020018466,0.222294524,-1.564039515,0.14148663,0.392749183,0.392749183,0
88,3.666398882,0.542255918,0.880994412,-0.394179334,0.736380281,5.195773252,2.687721653,0.209017607,0.038097925,0.009915886,-1.774311945,0.195186897,0.476545161,0.476545161,0.208473128,0.059758503,0.357984381,-1.83334319,0.244455523,0.545390589,0.545390589,0
89,4.354073551,3.554982801,-1.1101571,-0.312201971,1.885466203,5.88127506,5.656683097,0,0,0,-3,0,0,0,0.647717565,0.002923842,-0.168742699,-1.169718122,0.05407256,0.725111421,0.171451562,0
90,-12.20126521,0.8368924,0.277310475,-1.483110246,0.914818233,-10.83350845,2.43196713,0,0,0,-3,0,0,0,0.619319208,3.58E-05,-3.317338105,10.40016509,0.005986548,0.621263558,0.031227031,1
91,-11.31695661,2.987013502,1.193171772,0.259553988,1.728297863,-6.480851621,6.125664579,0,0,0,-3,0,0,0,0.496727036,0.010905401,-0.302958918,-1.353511441,0.104428926,0.621248791,0.309593112,1
92,-3.413383448,1.278080352,0.178519128,0.127835045,1.130522159,-1.209172408,5.148011664,0,0,0,-3,0,0,0,0.22757555,0.011778532,-0.714443509,-1.017670519,0.108528946,0.373103945,0.370276197,1
93,-3.271007527,0.534016393,1.613714874,0.760202026,0.730764253,-1.692320139,1.992348699,0,0,0,-3,0,0,0,0.386648329,0.035063867,-0.998924216,-0.340186374,0.187253483,0.57805197,0.560784081,1
94,-1.692320139,0,0,-3,0,-1.692320139,0,0,0,0,-3,0,0,0,0.404363313,0.071974034,-0.54924094,-1.427433946,0.268279768,0.672789414,0.662714662,1
95,-0.52416198,1.000022603,0.107557359,-1.756744357,1.000011301,0.658402885,2.350723024,0,0,0,-3,0,0,0,0.588796416,0.002094972,-2.688014599,6.584379247,0.04577086,0.621248791,0.209226926,1
96,0.57653291,0.041421066,-2.61473324,5.731307709,0.203521659,0.658402885,0.886071462,0,0,0,-3,0,0,0,0.561217183,0.000455222,1.146771955,-0.411396325,0.02133594,0.601859412,0.056468823,1
97,-3.205177561,1.620842768,0.432509223,-0.131173099,1.273123234,-0.283047738,5.236872474,0,0,0,-3,0,0,0,0.54592924,1.94E-06,2.200393824,2.84173298,0.001393463,0.549534057,0.004143468,1
98,-9.213355808,3.280509192,0.330938924,-1.024320496,1.811217599,-5.597118044,6.245348976,0,0,0,-3,0,0,0,0.570543496,0.001712814,1.404342135,0.461550144,0.041386161,0.683482577,0.138091988,1
99,-11.99402939,0.185698367,-0.497835139,2.506087221,0.430927334,-10.47803487,2.5707804,0,0,0,-3,0,0,0,0.694118437,0.007079874,-1.243082143,0.368790179,0.084141987,0.765023115,0.288477954,1
100,0.643366145,19.23181298,-1.32564248,0.030361727,4.385409101,3.53676298,13.72503701,0,0,0,-3,0,0,0,0.459673922,0.020965757,-1.356482535,0.897506045,0.144795571,0.590036527,0.558513645,1
101,4.616341804,3.607303124,0.146321473,-1.740740054,1.899290163,7.003611638,4.597160703,0,0,0,-3,0,0,0,0.58098876,0.000153748,-1.331833569,1.066051129,0.0123995,0.590036527,0.048807223,1
102,0.199672805,15.04367806,0.486267812,-1.326788412,3.878618061,6.935535096,10.60787772,0,0,0,-3,0,0,0,0.422286158,0.002638,0.842674945,-0.63923097,0.051361462,0.541229304,0.168125359,1
103,-3.961245288,0.004574992,3.229504555,9.206137067,0.067638691,-3.672342628,0.311278596,0,0,0,-3,0,0,0,0.381353339,0.012953166,-0.013652067,-1.637348309,0.113811979,0.524402881,0.295509202,1
104,-2.405379668,0.953445642,-0.286958629,-1.534960537,0.976445411,-1.427656036,2.552882784,0.234170031,0.072573613,0.358710618,-1.7787318,0.269394902,0.597934477,0.597934477,0.227811148,0.047708822,0.020008301,-1.835596136,0.218423491,0.515878669,0.515878669,1
105,-1.448058895,3.38E-05,0.668216795,-1.546510095,0.005817029,-1.439965432,0.012309449,0.360888481,0.001863496,1.916264817,2.637406063,0.043168229,0.507278702,0.179891304,0,0,0,-3,0,0,0,1
106,-1.348915576,0.055803868,2.40433284,4.518496378,0.236228423,-0.489183421,0.96309146,0.047497431,0.011909953,1.923829362,1.802223573,0.10913273,0.327387398,0.327387398,0.514346968,0.067535968,-1.258709176,-0.093933387,0.259876833,0.701046061,0.701046061,1
107,3.18115668,6.049500959,0.521752076,-0.64467996,2.459573329,8.683385356,9.129495309,0,0,0,-3,0,0,0,0.55638342,0.016693865,-0.188941986,-1.633244069,0.129204742,0.701046061,0.353073124,1
108,13.75462919,3.464991237,-1.263741702,0.294782991,1.861448693,15.4120084,6.635487702,0,0,0,-3,0,0,0,0.553475587,0.023770218,-0.293939719,-1.66772605,0.154175933,0.738599046,0.390626109,1
109,8.919173386,29.30054885,-0.566152775,-1.256651236,5.412998139,14.47396118,15.09544311,0,0,0,-3,0,0,0,0.741205917,2.82E-06,-2.247791845,4.211035286,0.001678354,0.741941783,0.006697061,1
110,0.969697518,3.5905365,-0.127623994,-1.420642378,1.894871104,3.3611486,5.4320501,0,0,0,-3,0,0,0,0.696403904,0.000543433,0.141984176,-1.470102935,0.023311645,0.735244722,0.066046115,1
111,-0.15561696,0.133059868,-0.060428966,-1.516310881,0.364773722,0.507643543,1.116818536,0,0,0,-3,0,0,0,0.653368124,0.000293927,-1.495217311,0.556016742,0.017144294,0.669198607,0.055659012,1
112,1.174389638,0.281842112,1.820324698,4.533458714,0.530888041,3.145515401,3.256272913,0,0,0,-3,0,0,0,0.437736666,0.034770328,-0.76104719,-1.200821816,0.186468034,0.613539595,0.500783492,1
113,4.454406243,0.10622642,-1.711782269,5.32571622,0.325923949,5.053807293,1.815882062,0,0,0,-3,0,0,0,0.641606309,0.052778291,-1.601268586,1.401921377,0.229735264,0.793912466,0.791084718,1
114,5.860176653,0.79150074,0.260602216,-1.432617259,0.889663273,7.207887676,2.564413603,0,0,0,-3,0,0,0,0.763670909,0.002364875,-1.607279812,1.084099978,0.048629978,0.793912466,0.165117964,1
115,5.951611717,1.929365742,0.191740984,-1.790032483,1.389016106,7.811854256,3.680266924,0,0,0,-3,0,0,0,0.501613384,0.003529474,0.71169222,-1.129839003,0.059409379,0.628794502,0.193231671,1
116,-2.269099642,4.464622168,1.286321071,1.050207828,2.112965255,3.968209293,8.303285283,0,0,0,-3,0,0,0,0.636884156,0.000349294,-2.058527605,2.657715083,0.018689421,0.647369379,0.061306132,1
117,-0.032215882,0.123642184,-1.997081973,2.455835783,0.351627905,0.159983158,1.249149437,0,0,0,-3,0,0,0,0.645408565,1.69E-05,-2.153647968,3.537779533,0.004106272,0.647369379,0.01483127,1
118,-0.055901768,0.002623644,1.29537944,1.377519997,0.051221519,0.092297913,0.196902225,0,0,0,-3,0,0,0,0.624815564,0.000151374,-1.206970431,-0.391112334,0.012303414,0.632538109,0.030678697,1
119,2.875138492,2.271547299,-0.892214126,-0.825196992,1.507165319,4.30732507,4.399622983,0,0,0,-3,0,0,0,0.424227775,0.012730059,0.218850022,-1.198748588,0.112827562,0.601859412,0.350200433,1
120,5.872933873,0.45405449,-0.625574085,-1.161456878,0.673835655,6.49321966,2.081053603,0,0,0,-3,0,0,0,0.395727126,0.041372721,0.692324027,-1.047554935,0.203402854,0.790744799,0.585164894,1
121,5.742611334,1.814415862,-1.935853464,2.579025237,1.347002547,6.49321966,5.271738704,0,0,0,-3,0,0,0,0.79510496,7.76E-05,-0.002559099,-1.642553976,0.008808871,0.806480453,0.022102265,1
122,1.049059298,19.20044474,-0.056478791,-1.535854292,4.381831208,6.963383666,12.14372464,0,0,0,-3,0,0,0,0.765715951,0.00017217,-0.273076427,-1.253556494,0.013121372,0.784378188,0.039105175,1
123,-0.533655981,2.248728119,0.500291526,-0.876621111,1.49957598,2.914518362,5.360993082,0,0,0,-3,0,0,0,0.526100697,0.061298562,-0.778617936,-1.042373471,0.247585463,0.745273013,0.679070626,1
124,8.662900332,1.207682495,-4.673909646,19.95744722,1.098946084,9.186532252,6.10569992,0,0,0,-3,0,0,0,0.58975818,0.037747665,-1.500932423,1.444317695,0.194287583,0.768275963,0.765448215,1
125,9.988640331,0.694500677,-0.449134448,-0.493841136,0.833367072,11.04569783,3.14706604,0,0,0,-3,0,0,0,0.765429081,3.40E-05,-1.889036008,2.111964298,0.005834711,0.768275963,0.019683148,1
126,1.323503109,11.13967617,0.430449496,-1.097798132,3.337615342,7.80255749,10.36910922,0,0,0,-3,0,0,0,0.60547074,0.022388156,-0.571531687,-1.274688086,0.149626722,0.745273013,0.387169223,1
127,-0.377525356,1.434460352,-0.322354386,-1.12418083,1.197689589,1.113782603,3.668018344,0,0,0,-3,0,0,0,0.371499801,0.000221563,0.127604048,-1.307976984,0.014885009,0.392749183,0.044776246,1
128,0.404731816,0.492935607,-1.513000758,0.546126185,0.702093731,0.790704807,1.98756871,0,0,0,-3,0,0,0,0.375409327,0.000142379,-1.164874945,0.515921836,0.011932251,0.387875135,0.039902198,1
129,0.610715631,0.033437601,-0.655072752,-1.375890442,0.182859511,0.778397521,0.44612369,0,0,0,-3,0,0,0,0.394744109,1.43E-05,-0.855625105,-0.81959119,0.003778783,0.397617411,0.009742276,1
130,0.153707332,0.022976413,0.199320393,-1.902720543,0.151579726,0.332273831,0.323044043,0.249315065,0.060874216,0.121400774,-1.794849503,0.246727008,0.590036527,0.590036527,0.143783082,0.029996607,0.524505686,-1.574878631,0.173195286,0.397617411,0.397617411,1
131,-0.206378587,0.009287673,1.54638154,0.605020626,0.096372572,0.009229788,0.267664543,0.274192731,0.010718556,-1.563507279,1.368173291,0.103530457,0.387875135,0.387875135,0.008148886,0.001218036,4.488037121,19.52178805,0.034900368,0.211461215,0.211461215,1
132,-0.231422054,0.000219711,1.258074906,-0.295577697,0.014822641,-0.203055673,0.036919369,0,0,0,-3,0,0,0,0.645066915,0.019216413,-2.145359676,3.3531503,0.138623276,0.728500991,0.499607312,1
133,1.481782649,4.439644369,1.118351424,-0.203795657,2.107046361,6.762283509,6.953032741,0,0,0,-3,0,0,0,0.660266973,0.003416708,-0.68357119,-1.017096128,0.058452612,0.718296453,0.177067149,1
134,12.695403,7.740950456,-0.663668704,-1.063656895,2.782256361,15.16219491,8.189528103,0,0,0,-3,0,0,0,0.551227257,0.000398901,1.971139143,2.637180501,0.019972512,0.621248791,0.080019487,1
135,10.4232683,12.285348,0.129471238,-1.760907342,3.505046077,15.13374912,8.451887437,0,0,0,-3,0,0,0,0.712734523,0.002420943,-0.323376155,-1.497270973,0.049203076,0.761759296,0.140510505,1
136,3.30800415,11.40011786,-0.129828663,-1.643015524,3.376406057,7.272899432,9.005229282,0,0,0,-3,0,0,0,0.714831383,0.001688553,-0.776095648,-0.855487178,0.041092001,0.755198447,0.126403945,1
137,-0.238258434,1.740686125,0.472717064,-1.266391564,1.319350645,2.230972656,4.043323924,0,0,0,-3,0,0,0,0.45351013,0.018939039,-1.298362491,1.471883758,0.13761918,0.625036356,0.622208608,1
138,3.565471089,3.943449556,1.35723867,0.65627956,1.985812065,9.23314722,7.039115233,0,0,0,-3,0,0,0,0.567497635,0.001351512,-2.618932032,6.87525675,0.036762917,0.590036527,0.173260433,1
139,18.34316864,16.62031112,-0.518992877,-0.879387218,4.07680158,23.28299606,13.82603073,0,0,0,-3,0,0,0,0.490443754,0.00080297,-1.418463284,0.918095396,0.028336718,0.528636995,0.111860901,1
140,4.863017701,16.08258937,1.721553338,2.002994247,4.010310384,17.26908533,16.21992024,0,0,0,-3,0,0,0,0.352177475,0.012853933,-1.610421453,1.361791127,0.113375189,0.435562831,0.432735083,1
141,4.360553814,0.015822002,-3.16349817,9.325089853,0.125785538,4.409082336,0.631962654,0,0,0,-3,0,0,0,0.574973412,0.026967852,0.376034019,-1.750734859,0.164218914,0.790744799,0.364529748,1
142,-5.539957906,34.32242506,0.174254014,-1.400163446,5.858534378,3.684668838,16.67698762,0,0,0,-3,0,0,0,0.745774897,0.000185861,1.089788977,0.234589352,0.013633075,0.784378188,0.052499457,1
143,-12.66153984,0.445286141,2.614641186,6.046506139,0.667297641,-9.889376901,3.143743929,0,0,0,-3,0,0,0,0.6758533,0.000575182,0.888237514,0.199241587,0.023982948,0.731878731,0.099340622,1
144,-3.76167983,3.843835356,-1.492737184,1.115437049,1.960570161,-2.027807618,7.600204977,0,0,0,-3,0,0,0,0.485020525,0.00594226,0.278646147,-0.583837931,0.077086056,0.632538109,0.269408388,1
145,2.211532204,6.303511727,-0.164084056,-1.45599249,2.510679535,5.12787343,7.118744148,0,0,0,-3,0,0,0,0.356865107,0.02446356,0.081974782,-1.032950749,0.156408312,0.609661844,0.606834096,1
146,5.431702152,0.133018136,0.518691054,-1.473649247,0.364716514,6.193359976,1.077831364,0,0,0,-3,0,0,0,0.633132278,7.73E-05,1.160262694,0.20438194,0.008791803,0.654700637,0.037298767,1
147,12.13817165,31.03788682,0.618263967,-1.066542859,5.571165661,23.09640261,16.87831702,0,0,0,-3,0,0,0,0.646064384,3.15E-05,0.478576429,-1.207531746,0.005613288,0.654700637,0.01471848,1
148,7.786184658,111.0310629,0.279141007,-1.474734955,10.53712783,23.12258028,28.07147179,0,0,0,-3,0,0,0,0.637005096,1.22E-05,-1.360369344,1.416775685,0.003497445,0.639982157,0.014945801,1
149,7.231498657,1.045811576,-0.145214542,-1.244722279,1.022649293,8.466138334,3.390729102,0,0,0,-3,0,0,0,0.494019387,0.004436659,0.30567146,-1.323961015,0.066608247,0.621263558,0.228514375,1
150,4.678741775,0.020373092,-0.594533075,-0.963846219,0.14273434,4.989004825,0.552168636,0,0,0,-3,0,0,0,0.515057816,0.022391621,0.594178156,-1.384083291,0.1496383,0.758484432,0.370609297,1
151,5.299563039,0.223407636,-0.363934225,-0.779362253,0.47266017,5.872007323,1.928456655,0,0,0,-3,0,0,0,0.662258465,0.009164442,-0.715563013,-0.888760931,0.095731091,0.758484432,0.304492643,1
152,0.666380634,1.65918763,0.731494229,-0.637016895,1.288094573,3.752465381,4.561631171,0,0,0,-3,0,0,0,0.311416955,0.006037734,0.837065692,0.083772856,0.07770286,0.507278702,0.289971704,1
153,-0.891785097,0.047276765,-1.383588294,0.081870944,0.217432207,-0.75070623,0.596939965,0,0,0,-3,0,0,0,0.60396006,0.002175564,-1.429696743,0.192173443,0.046642943,0.636267291,0.128988589,1
154,-0.207651541,0.227469845,-1.415579262,0.299723423,0.476937989,0.067685126,1.384558859,0,0,0,-3,0,0,0,0.627731895,2.28E-05,0.439703901,-0.751875681,0.004776425,0.636267291,0.015003733,1
155,0.069131127,3.59E-05,0.187581394,-1.382836787,0.005988786,0.07691492,0.015382989,0,0,0,-3,0,0,0,0.427661456,0.039788792,-0.84602569,-0.746345442,0.199471281,0.621263558,0.61843581,1
156,0.493460681,0.014463998,-2.622382822,5.394393837,0.120266364,0.538410506,0.461495586,0,0,0,-3,0,0,0,0.595794685,0.022262216,-1.509742048,0.79561576,0.14920528,0.690546268,0.479085053,1
157,0.195242613,0.054710888,0.510311726,-1.678701674,0.233903588,0.538410506,0.529180718,0.062311075,0.00337899,0.378438752,-0.98010984,0.058129085,0.181690575,0.181690575,0.245120037,0.098641373,0.542703373,-1.659512121,0.314072242,0.690546268,0.690546268,1
158,0.01058349,2.33E-06,0.241746889,-1.941558442,0.001527182,0.012306384,0.003076596,0.073735021,0.000131334,0.925435383,-1.044897315,0.011460087,0.093078086,0.026875699,0,0,0,-3,0,0,0,1
159,0.012306384,3.01E-36,0,-3,1.73E-18,0.012306384,0,0.058751271,0.000124555,-2.249991373,5.359765826,0.011160415,0.066202387,0.056127635,0,0,0,-3,0,0,0,1
160,0.541364858,0.012701033,-1.77557635,7.597459241,0.112698858,0.695324052,0.683017668,0.000129025,1.08E-06,8.959583351,81.60570987,0.001038422,0.010074752,0.010074752,0.623232644,0.020574712,-2.889035741,8.783055287,0.14343888,0.718296453,0.718296453,1
161,1.43151283,2.836584147,1.079559392,-0.385603523,1.684216182,5.492130908,5.430598977,0,0,0,-3,0,0,0,0.652652379,0.001411346,-0.357669176,-1.240700095,0.037567888,0.704520827,0.1144843,1
162,11.92055492,14.24457881,-0.236322893,-1.555482253,3.774199095,16.58505046,10.85204494,0,0,0,-3,0,0,0,0.612074331,6.27E-05,-1.307390021,1.586531833,0.007921487,0.621248791,0.031212264,1
163,8.772632145,35.25477741,0.228296878,-1.668127825,5.93757336,16.80119971,14.54559954,0,0,0,-3,0,0,0,0.591818109,7.41E-05,-0.385264117,-1.315886322,0.008606451,0.601859412,0.023807442,1
164,0.379434415,2.428778753,0.060311983,-1.50936516,1.558453962,2.649687102,4.449727206,0,0,0,-3,0,0,0,0.633390243,0.00017511,-0.524239274,-0.247562269,0.01323291,0.65104195,0.049182538,1
165,-0.036673001,0.111041171,0.347567166,-0.952936167,0.333228407,0.550717325,1.316807588,0,0,0,-3,0,0,0,0.626501711,4.04E-05,-3.067365638,8.639610557,0.006352455,0.628794502,0.030860025,1
166,0.012367916,0.000991975,-1.131907355,-0.315609844,0.031495632,0.036919155,0.104604281,0.000455442,2.05E-05,9.84937059,95.01010101,0.004531587,0.045544167,0.045544167,0.494865008,0.031592687,-1.767465552,1.627291815,0.177743317,0.593993559,0.593993559,1
167,-0.108542391,0.003534606,1.775281558,1.850325337,0.059452553,0.043072348,0.190749087,0.647562147,0.030596454,-0.753191118,-0.685134443,0.174918422,0.831137109,0.680186183,0,0,0,-3,0,0,0,1
168,-0.495646579,0.051214956,1.960392118,1.843137255,0.226307215,0.043072348,0.633786973,0.043976399,0.012357484,2.279122333,3.461118537,0.111164221,0.387875135,0.387875135,0.441621767,0.041992021,-1.558585995,0.58969605,0.204919548,0.557768147,0.557768147,1
169,-1.531069161,0.399034622,-0.139351313,-1.141208397,0.631691873,-0.590714625,2.126715624,0,0,0,-3,0,0,0,0.606981407,0.001945314,0.366160185,-1.308356136,0.044105714,0.679931302,0.126271443,1
170,-7.058608917,5.966935443,0.372469935,-1.417673108,2.442731144,-2.772858664,6.873817626,0,0,0,-3,0,0,0,0.640090008,7.80E-05,1.213959534,0.130627331,0.00883153,0.661976772,0.029438663,1
171,-10.38617098,0.720965653,-0.075728065,-1.662475024,0.849096963,-9.363694371,2.216118609,0,0,0,-3,0,0,0,0.599382506,0.003225931,-1.831323347,2.264385156,0.056797276,0.632538109,0.230095351,1
172,-0.617447128,31.23052521,-1.011891771,-0.747031885,5.588427794,3.062352021,14.642165,0,0,0,-3,0,0,0,0.466237015,0.051389695,-0.701211161,-1.16896408,0.226692952,0.654700637,0.651872889,1
173,3.280139546,0.109328493,-0.128947977,-1.866210787,0.330648595,3.660016551,0.754737282,0,0,0,-3,0,0,0,0.400191688,0.018330506,0.22635836,-0.61474945,0.135390198,0.643682817,0.58431762,1
174,3.384265368,0.028274618,-1.749545083,1.073814227,0.168150581,3.465897988,0.452825584,0.033912108,0.00793989,2.777690608,6.951388831,0.089106062,0.416776094,0.416776094,0.363184233,0.038143289,-1.167086974,-0.483549642,0.19530307,0.494233732,0.494233732,1
175,1.103605106,1.568774808,0.611929621,-1.30879684,1.252507408,3.013072404,3.037685173,0.137793452,0.061334842,1.343597261,-0.041844322,0.247658721,0.676366946,0.676366946,0.389454873,0.060919043,-0.827888032,-1.154866421,0.246817834,0.590036527,0.590036527,1
176,7.295570094,10.70300652,-0.03377326,-1.252027399,3.271544974,12.99231878,10.98913583,0,0,0,-3,0,0,0,0.563051993,0.000143414,1.054302932,-0.398512494,0.011975576,0.590036527,0.036376668,1
177,16.53021256,3.94311715,-0.420701906,-1.139841775,1.985728368,18.69409164,6.64824924,0,0,0,-3,0,0,0,0.56262737,1.36E-05,-1.289504072,1.106232206,0.003688989,0.565932765,0.012272906,1
178,4.90383816,3.987372772,2.067475367,3.347406346,1.996840698,11.88313286,8.438801653,0,0,0,-3,0,0,0,0.563272537,2.76E-05,0.769405112,-0.295671917,0.00525277,0.574029075,0.016260928,1
179,-21.00204668,2.4143902,-0.21770063,-1.460143547,1.553830815,-18.68447804,4.46755635,0.214351222,0.119325513,1.062135057,-0.795082516,0.345435252,0.843233784,0.843233784,0.444117532,0.110350249,-0.41513862,-1.637228183,0.33219008,0.77474904,0.77474904,2
180,-14.0656743,113.3136185,0.858951297,-0.905403253,10.64488696,6.632376423,29.78441081,0,0,0,-3,0,0,0,0.482557241,0.083676486,-0.576323622,-1.296762712,0.289268882,0.77474904,0.764674288,2
181,0.422659347,1.471479283,4.966295521,24.59162939,1.213045458,7.254323905,7.534295018,0,0,0,-3,0,0,0,0.229685946,0.004088173,-1.93085787,3.629814095,0.06393882,0.290274153,0.287446405,2
182,-0.605883146,0.003992441,3.248247158,10.16340759,0.063185766,-0.304584132,0.329204761,0,0,0,-3,0,0,0,0.262843899,0,0,-3,0,0.262843899,0,2
183,-0.284032293,0.000894109,-3.896598627,17.32130364,0.029901648,-0.267664619,0.193828692,0,0,0,-3,0,0,0,0.272292572,2.51E-05,-0.844085917,-0.183597644,0.005014904,0.27938256,0.016538661,2
184,-0.137031656,0.083369339,1.46004559,0.292579841,0.288737492,0.526103707,0.818381324,0,0,0,-3,0,0,0,0.281833607,1.80E-05,1.306318719,-0.082635424,0.004244888,0.290274153,0.010891593,2
185,0.067538514,0.240510818,1.129128072,0.287512716,0.490419023,1.206095277,1.633745234,0,0,0,-3,0,0,0,0.290274153,3.08E-33,0,-3,5.55E-17,0.290274153,0,2
186,0.698745531,0.06777689,0.888505916,-0.658486152,0.260339951,1.206095277,0.716911856,0,0,0,-3,0,0,0,0.355257393,0.002912241,-0.307248949,-1.841323209,0.053965183,0.407244164,0.116970011,2
187,-0.06990032,0.099427124,0.629621898,-1.028250189,0.315320668,0.489183421,1.119895572,0,0,0,-3,0,0,0,0.493654711,0.007151952,-0.114703076,-1.868205878,0.084569217,0.586063247,0.188445836,2
188,-4.693764347,7.060411403,-0.083234502,-1.377071451,2.657143467,-0.698400826,8.075015072,0,0,0,-3,0,0,0,0.439120164,0.014731792,-1.733265694,2.123729916,0.121374592,0.545390589,0.520982636,2
189,-5.442364667,0.81183253,-0.201470813,-1.622922611,0.901017497,-4.35974414,2.387072832,0,0,0,-3,0,0,0,0.454570842,0.002181419,-0.802578523,0.183253553,0.046705665,0.502949888,0.191294209,2
190,-5.527339857,0.160987538,1.556956686,1.110068789,0.401232523,-4.399831231,1.422750178,0,0,0,-3,0,0,0,0.351486394,0.042550479,-0.813333541,-1.237998652,0.206277674,0.502949888,0.50012214,2
191,-4.82251938,0.377388639,-0.36169281,-1.665904164,0.614319655,-4.180914107,1.437820744,0,0,0,-3,0,0,0,0.278159161,0.006544886,-1.964120289,2.608035391,0.080900472,0.322171856,0.297763903,2
192,-2.944154142,1.852661449,0.548509347,-0.968990859,1.361125067,-0.119987315,4.415535852,0,0,0,-3,0,0,0,0.360114148,0.00020274,-2.028407992,2.542761965,0.01423869,0.368129684,0.045957828,2
193,-1.673509162,0.509748391,1.097337003,-0.498233492,0.713966659,-0.119987315,2.064809616,0,0,0,-3,0,0,0,0.368129684,1.23E-32,0,-3,1.11E-16,0.368129684,0,2
194,-1.195455632,1.229649042,1.394741098,0.201864955,1.108895415,1.190709667,3.323175449,0,0,0,-3,0,0,0,0.324029087,0.007779023,-2.133837779,3.526280979,0.088198768,0.368129684,0.365301936,2
195,0.812388658,0.181407489,1.766911254,2.008575706,0.425919581,2.17556192,1.747911963,0.843296775,0.048148366,-2.140166101,3.964356773,0.219427359,1,0.982732111,0,0,0,-3,0,0,0,2
196,2.790202365,0.550234829,0.538533803,-1.709963148,0.741778153,3.758628905,1.536891484,0.489395588,0.159956769,-0.315501106,-1.788522124,0.399945958,0.909999662,0.909999662,0.124883388,0.029798288,0.792130892,-1.172073926,0.172621805,0.453991789,0.453991789,2
197,2.386517149,1.561409508,0.05139248,-1.832888307,1.249563727,3.767874255,2.903325116,0,0,0,-3,0,0,0,0.48094055,0.00054945,-0.321582339,-1.522396473,0.023440345,0.511588239,0.06676706,2
198,-0.128795776,0.53575012,-0.074922896,-1.488551722,0.731949534,0.870702882,2.015256116,0,0,0,-3,0,0,0,0.421222551,9.33E-05,1.867900311,1.665231049,0.009661395,0.444821179,0.028045085,2
199,-1.033537098,0.033258142,3.968776338,16.04370008,0.182368149,-0.01538298,1.129170254,0,0,0,-3,0,0,0,0.416776094,3.08E-33,0,-3,5.55E-17,0.416776094,0,2
200,0.408962996,0.434059695,-0.176168716,-1.39167172,0.658832069,1.218403815,1.799888274,0,0,0,-3,0,0,0,0.416776094,3.08E-33,0,-3,5.55E-17,0.416776094,0,2
201,0.213178105,0.035515929,-1.967330038,1.882282611,0.188456704,0.292277617,0.544559132,0,0,0,-3,0,0,0,0.331825741,0.017450501,-1.075878827,0.276735069,0.132100343,0.467586788,0.46475904,2
202,-0.832909663,2.605006927,-0.97972812,-0.759845497,1.614003385,0.292277617,4.374540562,0,0,0,-3,0,0,0,0.456445631,1.43E-05,-1.283009216,-0.312876854,0.003786341,0.458544709,0.009127362,2
203,-4.289562313,5.293126703,-0.03230759,-1.859713864,2.300679618,-1.566139818,5.264201014,0,0,0,-3,0,0,0,0.305578793,0.019318189,-0.640675713,-0.94077442,0.138989889,0.449417347,0.439342595,2
204,-6.532013434,0.023435509,-2.241993245,3.427281473,0.153086605,-6.465391902,0.519652648,0,0,0,-3,0,0,0,0.430806524,4.30E-07,-6.857142857,45.02040816,0.000655925,0.430900228,0.004685177,2
205,-6.936442821,0.012813925,2.138141554,2.858814152,0.113198609,-6.623098366,0.361946184,0,0,0,-3,0,0,0,0.426215051,2.77E-32,0,-3,1.67E-16,0.426215051,0,2
206,-9.193026646,64.44383931,-0.881960605,-0.999345438,8.027692029,-1.470739151,21.37388394,0,0,0,-3,0,0,0,0.364073248,0.011350855,-1.704776412,1.712842907,0.106540393,0.426215051,0.416140299,2
207,-11.22377783,68.24887484,-0.082669979,-1.566653875,8.261287723,-0.086144715,21.64079859,0,0,0,-3,0,0,0,0.403822228,0.003277422,-4.610468193,21.319021,0.057248776,0.421507081,0.369027725,2
208,83.52187573,587.3823406,-0.199846464,-1.415228694,24.23597204,113.0932013,73.17379857,0,0,0,-3,0,0,0,0.283730722,0.009733931,-1.028125577,0.01247254,0.098660689,0.373103945,0.370276197,2
209,3.401928545,4034.362451,1.047458453,-0.880318387,63.51663129,113.2096942,152.410081,0,0,0,-3,0,0,0,0.410072941,0.025018654,-0.379600896,-0.475006634,0.158172861,0.628794502,0.611526613,2
210,-13.27425135,81.05804702,-0.106086852,-1.307726299,9.003224257,-1.756951538,28.42172876,0,0,0,-3,0,0,0,0.510764397,0.001064544,1.318959893,0.434885659,0.032627351,0.593993559,0.108572193,2
211,-2.650408362,0.341503719,0.283488155,-1.446643388,0.584383195,-1.710786079,1.708897845,0,0,0,-3,0,0,0,0.483331668,2.15E-05,-1.875599179,1.668504256,0.004641181,0.485421366,0.013345025,2
212,-0.986269115,1.58849709,1.605439369,1.986712493,1.260355938,2.307934725,4.683598758,0,0,0,-3,0,0,0,0.207811817,0.025821676,0.589541649,-1.091823301,0.160691244,0.472076341,0.469248593,2
213,2.209423845,0,0,-3,0,2.209423845,0,0,0,0,-3,0,0,0,0.11875268,0.012716896,0.101576991,-1.852413204,0.112769216,0.251658979,0.248831231,2
214,-0.572471288,2.883693585,0.844729828,-0.9883393,1.698144159,2.209423845,4.221841009,0.085771265,0.007627468,0.244823345,-1.758399796,0.087335375,0.199662632,0.199662632,0.089992395,0.014364357,0.850541458,-0.749642074,0.119851397,0.397617411,0.397617411,2
215,-0.783658951,0.000740172,0.222817413,2.051901941,0.027206099,-0.710707938,0.129226304,0,0,0,-3,0,0,0,0.450108175,0.000619225,-0.664202114,-0.443329747,0.024884241,0.494233732,0.091790974,2
216,0.300044621,0.55438512,-0.360277386,-1.574192776,0.744570426,1.129167887,1.839875825,0,0,0,-3,0,0,0,0.455767428,4.93E-06,0.451050802,-1.796553174,0.002220686,0.458544709,0.00455292,2
217,0.390268611,0.000839313,2.340831735,3.945094403,0.028970905,0.486106737,0.10768327,0,0,0,-3,0,0,0,0.453991789,1.23E-32,0,-3,1.11E-16,0.453991789,0,2
218,-0.453604187,0.930926338,0.044136579,-1.633318414,0.96484524,0.867626009,2.510704311,0,0,0,-3,0,0,0,0.453991789,1.23E-32,0,-3,1.11E-16,0.453991789,0,2
219,-4.404644768,2.868139632,1.697515587,2.714005283,1.693558275,0.799935291,7.43849716,0,0,0,-3,0,0,0,0.450286491,3.22E-06,1.5804195,0.497725796,0.001794558,0.453991789,0.004574442,2
220,-7.299817756,6.669062336,0.668357678,-0.846797165,2.582452775,-2.520367245,7.521545365,0,0,0,-3,0,0,0,0.449417347,1.23E-32,0,-3,1.11E-16,0.449417347,0,2
221,-5.754845798,2.038163681,0.520423767,-1.221046011,1.427642701,-2.939156232,4.213012822,0,0,0,-3,0,0,0,0.449417347,1.23E-32,0,-3,1.11E-16,0.449417347,0,2
222,-0.889597267,7.573853327,0.296706268,-1.694542853,2.752063467,3.013072404,6.574485062,0,0,0,-3,0,0,0,0.443566583,1.91E-05,-0.506266273,-0.615870785,0.00437425,0.449417347,0.013854516,2
223,-0.404955553,2.12565573,-0.009750507,-1.532932752,1.45796287,2.15709203,4.384986269,0,0,0,-3,0,0,0,0.444821179,0,0,-3,0,0.444821179,0,2
224,0.085104725,2.231028068,0.107599657,-1.550562212,1.493662635,2.206345463,3.987918942,0,0,0,-3,0,0,0,0.444821179,0,0,-3,0,0.444821179,0,2
225,0.129956718,0.089882775,-0.1665101,-1.221980479,0.299804561,0.58456118,0.904528471,0,0,0,-3,0,0,0,0.444821179,0,0,-3,0,0.444821179,0,2
226,-0.112431244,0.199102666,-2.752476793,7.071605225,0.446209218,0.113834113,2.193970135,0,0,0,-3,0,0,0,0.446797531,5.18E-06,0.282785007,-1.92003264,0.002275451,0.449417347,0.004596168,2
227,-4.37632142,0.500174722,1.848373982,2.049952982,0.707230318,-2.14785715,2.609750434,0,0,0,-3,0,0,0,0.449279243,1.04E-06,-7.86878616,63.2387367,0.001020393,0.449417347,0.00921427,2
228,-3.546149417,0.047378466,0.867947132,1.13488207,0.21766595,-3.040791973,1.115458446,0,0,0,-3,0,0,0,0.339203182,0.013725249,-1.066496579,-0.174882558,0.117154806,0.435562831,0.425488079,2
229,-5.46557857,1.502987497,0.225401976,-1.488713394,1.225963905,-3.740138434,3.226339597,0,0,0,-3,0,0,0,0.309153072,2.80E-05,-1.302226433,3.175374727,0.005291019,0.316928052,0.032094825,2
230,-5.616616919,2.207164786,0.767292689,-1.0177015,1.485652983,-2.877562344,4.088915687,0,0,0,-3,0,0,0,0.311655679,1.23E-32,0,-3,1.11E-16,0.311655679,0,2
231,-2.651707586,0.274991492,1.074849063,0.317604752,0.524396312,-1.467661765,2.435819853,0,0,0,-3,0,0,0,0.347448819,0.001112597,0.043379934,-1.813722743,0.033355614,0.387875135,0.076219456,2
232,-20.94024668,47.53123994,1.349703481,0.231498396,6.894290387,-4.378245667,21.00936728,0,0,0,-3,0,0,0,0.370949967,3.52E-05,0.362570827,0.10797131,0.005929358,0.387875135,0.024745414,2
233,-13.42724741,116.4247021,0.462578634,-1.402552344,10.7900279,3.989786059,29.37739901,0,0,0,-3,0,0,0,0.465620319,0.001568837,-0.478404739,-1.53037509,0.039608545,0.507278702,0.119403567,2
234,-0.982561126,4.974595356,1.083585079,-0.449307518,2.230380092,3.903481618,6.547010396,0,0,0,-3,0,0,0,0.507278702,1.23E-32,0,-3,1.11E-16,0.507278702,0,2
235,0.390735579,3.796717002,-0.58283474,-1.302093953,1.948516616,2.997672882,5.576540694,0,0,0,-3,0,0,0,0.517598386,6.56E-05,-0.423284169,-1.764286032,0.008101904,0.524402881,0.017124179,2
236,14.253574,148.6267552,0.579760669,-0.996472428,12.19125733,37.55865135,36.54333311,0,0,0,-3,0,0,0,0.300084097,0.014490965,1.052701557,-0.737777562,0.120378424,0.524402881,0.307095883,2
237,13.56470214,282.8633801,0.337357722,-1.615773198,16.81854275,37.63772772,41.66450355,0,0,0,-3,0,0,0,0.322132695,0.014564601,1.207756538,-0.18617739,0.120683887,0.582073587,0.358955908,2
238,0.67783586,2.365991809,-0.980046529,-0.643260997,1.538178081,1.849285154,4.298838665,0,0,0,-3,0,0,0,0.624865053,0.000240113,-0.410250327,0.973262686,0.015495576,0.65104195,0.068968363,2
239,1.629398754,1.126522772,-0.382024225,-1.491734144,1.061377771,2.926837244,2.880688299,0.063526819,0.016377158,1.735268435,1.332608482,0.12797327,0.397617411,0.397617411,0.418504911,0.072339498,-0.7491093,-1.300626131,0.268960031,0.621263558,0.621263558,2
240,0.97685728,0.010125933,-3.452247672,11.4390384,0.100627694,1.015318236,0.544594898,0.083539844,0.00327184,-0.471352955,-1.39178739,0.0572,0.150950926,0.150950926,0.048154487,0.008457746,1.671805976,1.350728946,0.091966005,0.322171856,0.322171856,2
241,1.142623806,0.061040309,1.383849273,0.086508595,0.24706337,1.649233479,0.649300083,0,0,0,-3,0,0,0,0.303876132,0.000993207,-1.600000837,1.428339232,0.031515193,0.332574981,0.115267983,2
242,1.292729705,0.306787475,-0.636145542,-1.178936207,0.55388399,1.796962323,1.507761333,0,0,0,-3,0,0,0,0.175045269,0.016859878,0.175150245,-1.841719742,0.129845592,0.327387398,0.32455965,2
243,-1.085666954,1.526962664,0.055977438,-1.883897321,1.235703307,0.28920099,2.674101037,0.066915195,0.006040092,0.452790966,-1.586048018,0.077718032,0.187718422,0.187718422,0.123403453,0.01449149,0.109749773,-1.727691424,0.120380607,0.295663987,0.295663987,2
244,-2.157431633,0.003829677,-0.733261231,-1.13932522,0.06188438,-2.107839841,0.156995732,0.039081377,0.002698531,0.768119629,-1.163655466,0.051947387,0.138386077,0.138386077,0.23903654,0.05117097,0.026907534,-1.85206845,0.226210013,0.502949888,0.502949888,2
245,-4.610668374,7.032674785,-1.009518525,-0.204357539,2.651919076,-2.107839841,9.112689779,0,0,0,-3,0,0,0,0.507920892,1.06E-05,-0.258064447,-1.201937188,0.003252964,0.511588239,0.008638351,2
246,-17.57956331,9.104780786,0.412540778,-1.232806805,3.017412929,-11.45168101,10.61674686,0,0,0,-3,0,0,0,0.503382769,1.69E-06,2.666666667,5.111111111,0.001298644,0.507278702,0.004328814,2
247,-12.52928863,118.4081309,0.366144867,-1.745974423,10.88155002,2.483420579,24.90369509,0,0,0,-3,0,0,0,0.505197016,1.21E-05,1.079800269,-0.596171491,0.003481849,0.511588239,0.008638351,2
248,16.90356061,234.9561433,-0.66675534,-1.436775752,15.3282792,29.94015127,37.3430961,0,0,0,-3,0,0,0,0.35324138,0.016881428,-0.985924747,-0.113470729,0.129928548,0.502949888,0.492875136,2
249,16.11615283,93.30966331,-0.068896926,-1.241109901,9.659692713,29.91631855,28.15013381,0,0,0,-3,0,0,0,0.363663845,0.019905782,-1.299442617,0.272250709,0.141087853,0.458544709,0.448469957,2
250,2.466732487,5.208531989,2.738899431,6.661544609,2.282220846,11.79867817,11.14027529,0,0,0,-3,0,0,0,0.35932515,0.001252649,-0.869908904,-0.598311316,0.035392784,0.392749183,0.107915956,2
251,-0.058489774,1.080271109,0.086354809,-1.436902875,1.039360914,1.707708413,3.178447564,0,0,0,-3,0,0,0,0.374192686,4.20E-06,1.351852739,-0.172494172,0.002050032,0.37805277,0.004948825,2
252,-5.015589761,24.4162255,-0.278334976,-1.009872733,4.941277719,1.403037397,16.35037859,0,0,0,-3,0,0,0,0.382739109,8.52E-05,1.554068454,0.524382053,0.009230657,0.402442758,0.024389988,2
253,-15.94375052,0.035202825,2.487957476,6.783017458,0.187624159,-15.08634577,0.96544898,0,0,0,-3,0,0,0,0.399784958,1.00E-05,-0.788841287,-0.447573197,0.003163551,0.402442758,0.009693575,2
254,-6.230529559,30.07609262,-0.820660797,-1.168103439,5.48416745,-1.892375448,13.91219628,0,0,0,-3,0,0,0,0.405253264,0.001202788,2.130381617,3.036817817,0.034681229,0.507278702,0.119403567,2
255,-3.641477072,1.062562398,-0.311291339,-1.006297093,1.030806674,-1.803117889,3.648874689,0,0,0,-3,0,0,0,0.501596285,1.49E-05,0.646715945,-1.428844055,0.003866058,0.507278702,0.008677079,2
256,-1.717562564,0.590064852,-0.452057385,-0.866758295,0.768156788,-0.71378472,2.662767645,0,0,0,-3,0,0,0,0.498077476,2.01E-06,-2.338738329,3.46969697,0.001419397,0.498601623,0.004367891,2
257,-5.890802524,10.96672424,-0.415961305,-1.434088802,3.311604481,-2.0709015,8.82188354,0,0,0,-3,0,0,0,0.494233732,1.23E-32,0,-3,1.11E-16,0.494233732,0,2
258,-6.981181413,1.242586847,1.738691198,2.167757053,1.114713796,-3.225603545,4.431325309,0,0,0,-3,0,0,0,0.494233732,1.23E-32,0,-3,1.11E-16,0.494233732,0,2
259,-3.148705231,2.576925108,-1.753719862,1.807125189,1.605280383,-2.077057843,5.539597559,0,0,0,-3,0,0,0,0.494233732,1.23E-32,0,-3,1.11E-16,0.494233732,0,2
260,1.826598548,3.917137191,-0.575528001,-0.930076342,1.979175887,4.618798458,6.702012663,0,0,0,-3,0,0,0,0.494233732,1.23E-32,0,-3,1.11E-16,0.494233732,0,2
261,-1.241732126,3.537383354,-0.132335562,-1.458772131,1.880793278,1.615380187,5.454138017,0.013911775,0.002012939,3.372128936,10.59471349,0.044865784,0.223117679,0.223117679,0.371447915,0.032431511,-1.111292233,-0.355184795,0.180087509,0.494233732,0.494233732,2
262,-1.752812074,1.444105594,1.468913025,0.901845657,1.201709446,1.36303254,4.28371033,0.0864531,0.008630862,0.461397685,-1.327850705,0.092902435,0.246017664,0.246017664,0.333816365,0.154734476,0.548670071,-1.422745998,0.393363033,1,1,2
263,-0.122202976,1.506041388,-0.967022292,-0.95346931,1.227208779,0.852241675,3.012412008,0.707393244,0.19645091,-0.923578299,-1.102947455,0.443227831,1,1,0.227873496,0.155860048,1.254502372,-0.303323904,0.394791145,1,1,2
264,0.21991555,0.001473502,1.07445738,-0.475771609,0.038386226,0.307660763,0.116911531,0.916528905,0.002579844,0.694095585,-1.194145996,0.050792161,1,0.130089205,0,0,0,-3,0,0,0,2
265,1.336114948,0.289506252,-1.101975774,-0.399972582,0.538057852,1.7200191,1.529269868,0.867350037,8.37E-05,-0.696164812,-0.819474722,0.009150239,0.878642175,0.026434094,0,0,0,-3,0,0,0,2
266,4.340479975,10.88231872,0.451049771,-1.796552695,3.298835964,8.466138334,6.764585242,0.450367044,0.151424215,-0.191352518,-1.868107578,0.389132644,0.852208081,0.852208081,0.161711442,0.047128413,0.705477319,-1.375803621,0.217090795,0.553659859,0.553659859,2
267,1.854484309,26.47865521,0.342641968,-1.757146435,5.145741463,8.466138334,11.83344842,0,0,0,-3,0,0,0,0.446154105,0.001486937,1.694094957,2.342827779,0.038560827,0.561859066,0.149837201,2
268,-0.359963591,1.23E-32,0,-3,1.11E-16,-0.359963591,0,0.395863531,0.004881522,-0.856163329,-0.845533915,0.069867891,0.472076341,0.209232442,0,0,0,-3,0,0,0,3
269,-0.359963591,1.23E-32,0,-3,1.11E-16,-0.359963591,0,0.41805346,4.41E-06,1.036130647,-0.926433283,0.002100366,0.421507081,0.004730987,0,0,0,-3,0,0,0,3
270,-0.359963591,1.23E-32,0,-3,1.11E-16,-0.359963591,0,0.210211167,0.040138995,-0.046310243,-1.943455127,0.200347186,0.416776094,0.416776094,0.149313298,0.029992216,0.359152413,-1.809252936,0.173182608,0.382976415,0.382976415,3
271,-0.89028059,0.091546341,0.865539142,-1.017795343,0.302566258,-0.359963591,0.803052145,0,0,0,-3,0,0,0,0.462475065,0.005122373,-0.778474213,-1.159290522,0.071570755,0.528636995,0.190902091,3
272,-0.727694356,0.028885256,-0.306202535,-1.293238336,0.16995663,-0.535333804,0.504600295,0,0,0,-3,0,0,0,0.354485947,0.017980866,-0.022535717,-1.897336583,0.13409275,0.498601623,0.293021718,3
273,-0.492813947,0.00065228,-0.653148564,-1.222303621,0.025539774,-0.470723338,0.064610466,0,0,0,-3,0,0,0,0.321313811,0.005829504,-0.15154555,-1.789337728,0.07635119,0.412021865,0.194714867,3
274,-0.453370898,4.95E-05,-0.797907173,0.290265394,0.007036371,-0.446109953,0.024613385,0,0,0,-3,0,0,0,0.488644523,0.011536238,0.793713914,-1.216154246,0.107406882,0.669198607,0.266755849,3
275,-0.124418677,0.06543892,-0.130249343,-1.423195523,0.25581032,0.32612056,0.772230513,0,0,0,-3,0,0,0,0.661667231,0.000108735,-1.906261372,2.808999237,0.010427597,0.669198607,0.040404105,3
276,0.32612056,1.23E-32,0,-3,1.11E-16,0.32612056,0,0,0,0,-3,0,0,0,0.399652537,0.012372807,0.949928913,-0.570539356,0.11123312,0.628794502,0.333130515,3
277,0.150384644,0.028308001,-0.072310002,-1.827880546,0.168249818,0.32612056,0.375346102,0,0,0,-3,0,0,0,0.610927752,0.002423926,-0.213392967,-0.407437015,0.049233383,0.718296453,0.202417784,3
278,0.098174259,0.003563956,-0.097217278,-1.33133662,0.059698879,0.178442798,0.190749182,0,0,0,-3,0,0,0,0.647391324,0.017756745,-2.057187597,4.672140004,0.133254437,0.745273013,0.685907816,3
279,0.408021533,0.01463709,-0.635764702,0.314607131,0.120983842,0.575331022,0.52610548,0,0,0,-3,0,0,0,0.708452484,0.028622668,-2.281510015,4.91263489,0.169182351,0.797069798,0.772661845,3
280,1.049313878,11.96924194,0.761319121,0.113247799,3.459659223,9.015650773,13.45557077,0,0,0,-3,0,0,0,0.575330904,0.064462623,-0.6681073,-1.041705155,0.253894906,0.790744799,0.787917051,3
281,-3.587352423,0.659247501,0.395476213,-0.651714465,0.811940577,-1.627690423,3.14534173,0,0,0,-3,0,0,0,0.681560938,0.014844028,-1.022464775,-0.069098296,0.12183607,0.809597111,0.38809003,3
282,-3.114217639,1.363913848,0.242538208,-1.431832352,1.167867222,-1.467661765,3.755890322,0,0,0,-3,0,0,0,0.730321757,0.025934115,-2.100209982,4.468154409,0.161040724,0.843233784,0.783868587,3
283,-4.719759932,0.33009085,-0.432324142,-1.120528917,0.574535334,-3.989786059,1.758662795,0,0,0,-3,0,0,0,0.546852874,0.038195808,0.471378538,-1.36753055,0.195437478,0.852208081,0.5196331,3
284,-5.123633685,0.284370997,-0.10759556,-0.930465178,0.533264472,-4.230243299,1.805511821,0,0,0,-3,0,0,0,0.75654038,0.004101799,-1.820478048,2.186719005,0.064045288,0.793912466,0.244378409,3
285,-5.118179662,1.644552634,0.170098885,-0.608112107,1.282401121,-2.41260838,4.785992493,0,0,0,-3,0,0,0,0.801740926,0.067802895,-1.182789032,0.455551899,0.260389891,1,0.954455833,3
286,-1.440422836,180.8376361,0.038669508,-1.52172474,13.44758848,16.51833468,36.53976485,0,0,0,-3,0,0,0,0.7560551,0.020502305,0.36125298,-0.764681269,0.14318626,1,0.458770696,3
287,0.215036655,77.98976192,0.079542224,-1.354015134,8.83118123,15.25387294,27.39048957,0,0,0,-3,0,0,0,0.734311753,0.07121843,-1.067034886,-0.019976208,0.266867813,0.964533605,0.947265716,3
288,2.075589014,30.80673823,0.344819487,-1.613602894,5.550381809,10.10730184,13.77348141,0,0,0,-3,0,0,0,0.958361737,0.008131729,-2.28446117,4.163204916,0.090176101,1,0.371205498,3
289,-1.520050247,16.08270678,-1.207292981,0.923191907,4.010325022,4.603376538,17.33530826,0,0,0,-3,0,0,0,0.596652892,0.040891928,-1.487075218,1.001322324,0.202217526,0.812703763,0.78829581,3
290,-2.372565151,12.87348063,0.783103942,-0.872262873,3.587963298,4.624967299,10.8090554,0,0,0,-3,0,0,0,0.942850794,0.00831749,-1.191811842,-0.379409293,0.091200273,1,0.241515568,3
291,-0.391754375,1.62079701,0.061373746,-1.514186396,1.273105263,1.319950966,3.904976854,0,0,0,-3,0,0,0,0.99984008,2.30E-07,-2.666666667,5.111111111,0.000479761,1,0.001599202,3
292,-1.036126812,0.322434888,0.111725954,1.668496552,0.567833504,0.68609374,3.520541911,0,0,0,-3,0,0,0,0.74206846,0.066371267,-0.138787172,-1.844027222,0.257626216,1,0.602382589,3
293,-4.871928588,6.762414522,-0.089654921,-1.33572071,2.60046429,-1.030703133,7.960097351,0,0,0,-3,0,0,0,0.564684024,0.003306098,0.36724605,-1.140974388,0.057498675,0.669198607,0.174964875,3
294,-0.144735427,31.01083596,-0.385317153,-1.324979904,5.568737375,6.533417415,16.40100794,0,0,0,-3,0,0,0,0.563742899,0.026783998,-1.680255723,1.733731889,0.163658173,0.672789414,0.627245247,3
295,0.18116839,8.410094497,0.022133801,-1.306538105,2.900016293,4.264158536,10.03731741,0,0,0,-3,0,0,0,0.623566871,0.001176203,-0.377935756,-0.764233701,0.034295818,0.665594426,0.111934567,3
296,-0.313581746,11.60598551,-0.695925038,-1.188465525,3.406755864,3.841839828,9.778723831,0,0,0,-3,0,0,0,0.648894119,0.000746299,0.325769935,-1.598575277,0.027318473,0.690546268,0.06928271,3
297,-6.246977633,11.45610274,0.10377339,-1.393707944,3.384686505,0.199979062,10.69671522,0,0,0,-3,0,0,0,0.729717546,0.001296908,0.771901064,-0.839672536,0.036012614,0.806480453,0.115934185,3
298,-7.669000939,30.12858216,-0.941342307,-0.945822205,5.488950916,-3.259488464,14.1816906,0.062524327,0.011023608,1.206290465,-0.372407443,0.10499337,0.273901019,0.273901019,0.555336219,0.134475549,-0.779998972,-1.319934548,0.36670908,0.825031591,0.825031591,3
299,-5.067697202,49.92814114,-0.834465409,-0.938380115,7.065984796,1.953934465,19.08925043,0.064528245,0.012540418,1.207044894,-0.489158422,0.111984008,0.273901019,0.273901019,0.547705524,0.119807959,-0.861059363,-1.138296119,0.346132863,0.806480453,0.806480453,3
300,-3.06038491,0.011022837,-2.090709439,2.829510199,0.104989698,-3.009992486,0.372721438,0,0,0,-3,0,0,0,0.75136151,0.01853867,-0.687054061,-1.354324678,0.136156783,0.864045799,0.326995752,3
301,14.22551101,105.573066,-1.032069923,-0.925880223,10.27487548,20.83202054,23.8512528,0,0,0,-3,0,0,0,0.630379718,0.087794896,-0.383961304,-1.167718039,0.296302034,0.969821713,0.952553824,3
302,9.902082572,49.11769503,0.141678783,-1.569414114,7.008401746,19.96986145,18.68991428,0,0,0,-3,0,0,0,0.902325953,0.008762934,-1.7240736,2.955748614,0.093610545,0.967181271,0.451302602,3
303,11.03166558,44.92332195,0.7799301,-0.585631274,6.702486251,26.86464872,23.6205626,0,0,0,-3,0,0,0,0.694416846,0.05795403,-1.658130407,1.301994954,0.240736432,0.846234473,0.843406725,3
304,2.547384995,1.644569821,1.226962355,-0.481127118,1.282407822,4.927292814,3.099552499,0,0,0,-3,0,0,0,0.61597155,0.029581158,-1.814590632,2.483131172,0.171991737,0.748592815,0.745765067,3
305,0.885894949,0.882662544,-0.257861635,-1.767039044,0.939501221,1.827740315,2.215393732,0,0,0,-3,0,0,0,0.634409005,0.000135097,0.968668856,-0.171515468,0.011623136,0.658345543,0.037081985,3
306,-0.117401058,0.507248926,-1.518563692,1.263153224,0.712214101,0.563024163,2.750899441,0,0,0,-3,0,0,0,0.666995577,0.000152116,-1.223495075,1.029457206,0.012333527,0.679931302,0.0511368,3
307,-11.08490838,31.42561701,0.240787461,-1.614713838,5.6058556,-2.354113521,15.08706554,0,0,0,-3,0,0,0,0.650388595,0.000129453,-0.780792288,-0.722973466,0.011377753,0.665594426,0.036799924,3
308,-5.61732831,13.11682323,-1.274035699,0.398985292,3.62171551,-1.519977794,13.96163845,0,0,0,-3,0,0,0,0.568770342,0.040350954,-1.265966942,0.716233764,0.200875469,0.787566729,0.784738981,3
309,-2.175582845,0.636691013,-0.499693776,-1.354724162,0.797929203,-1.286101568,2.241417914,0,0,0,-3,0,0,0,0.675955663,0.005484976,0.527625684,-1.3656909,0.074060626,0.790744799,0.19675124,3
310,-4.196490115,0.727973168,0.695426022,0.376690299,0.853213437,-1.803117889,3.818705128,0,0,0,-3,0,0,0,0.902554744,0.002286141,-2.092503805,3.151966766,0.047813612,0.929438048,0.190839002,3
311,-6.032417641,17.34888065,0.411928512,-1.487815096,4.165198753,0.538410506,10.95099763,0,0,0,-3,0,0,0,0.869262146,0.001474102,0.410047877,-1.762088943,0.038394031,0.918378255,0.09028909,3
312,-0.479984461,7.168613061,-0.556394803,-0.361285389,2.677426574,3.321099695,10.49803193,0.07029321,0.014591064,1.181378316,-0.537046738,0.120793475,0.327387398,0.327387398,0.611081129,0.133427799,-1.026306276,-0.893511335,0.365277701,0.846234473,0.846234473,3
313,1.161783744,1.092554615,-0.64341874,-1.079748371,1.045253373,2.206345463,3.003203924,0.815392536,0.075448172,-1.83002702,2.52044583,0.274678307,1,1,0.023780377,0.013595135,5.041580793,24.3719719,0.116598176,0.728500991,0.728500991,3
314,-0.794033787,0.066087482,0.354565628,1.177928045,0.257074857,0.024612769,1.20916821,0.002617877,0.000301665,7.369132755,55.64582999,0.017368518,0.150950926,0.150950926,0.870469277,0.050760893,-2.717448621,6.716627843,0.225301781,1,1,3
315,0.024612769,0,0,-3,0,0.024612769,0,0.240068546,9.13E-05,-0.72832831,8.899636007,0.009554287,0.262843899,0.075125477,0,0,0,-3,0,0,0,3
316,0.024612769,0,0,-3,0,0.024612769,0,0.234635408,3.08E-33,0,-3,5.55E-17,0.234635408,0,0,0,0,-3,0,0,0,3
317,-0.546537769,0.094907167,1.215530606,-0.276611576,0.308070068,0.092297913,0.849157751,0.238909611,1.90E-05,0.453821,-1.174328046,0.004364084,0.246017664,0.011382256,0,0,0,-3,0,0,0,3
318,-0.756859838,0,0,-3,0,-0.756859838,0,0.246017664,0,0,-3,0,0.246017664,0,0,0,0,-3,0,0,0,3
319,-0.744891081,6.25E-05,-0.451471469,-1.718094814,0.007903186,-0.738399033,0.018460805,0.246017664,0,0,-3,0,0.246017664,0,0,0,0,-3,0,0,0,3
320,-0.727845635,1.82E-05,-2.056461818,2.253053887,0.004268987,-0.726091863,0.01230717,0.246017664,0,0,-3,0,0.246017664,0,0,0,0,-3,0,0,0,3
321,-0.70132379,0.000326478,-0.133131782,-1.840944909,0.018068698,-0.683016972,0.039998103,0.246017664,0,0,-3,0,0.246017664,0,0,0,0,-3,0,0,0,3
322,-0.669171547,0.000138116,-0.255700919,-1.860550165,0.01175226,-0.658402885,0.024614087,0.246017664,0,0,-3,0,0.246017664,0,0,0,0,-3,0,0,0,3
323,-0.649418769,2.99E-05,-1.036130647,-0.926433283,0.005463813,-0.646095877,0.012307008,0.239855388,6.30E-05,-0.571900509,-1.604148743,0.00793612,0.246017664,0.017123985,0,0,0,-3,0,0,0,3
324,-0.646095877,1.23E-32,0,-3,1.11E-16,-0.646095877,0,0.235662146,6.12E-06,0.889428823,0.706570742,0.002474085,0.24034327,0.011449591,0,0,0,-3,0,0,0,3
325,-0.984673741,0.018423046,1.106541451,0.080292404,0.135731522,-0.646095877,0.455378544,0.244258602,6.89E-06,-0.821633625,-1.324918186,0.002624369,0.246017664,0.005674394,0,0,0,-3,0,0,0,3
326,-0.964364032,0.001460921,-1.434291264,1.35653514,0.038221997,-0.904548614,0.156924489,0.246017664,0,0,-3,0,0.246017664,0,0,0,0,-3,0,0,0,3
327,-0.863472554,0.003127625,0.185915223,-1.160740827,0.055925171,-0.756859838,0.212304047,0.247822885,6.92E-06,0.771743633,-1.404411765,0.002631539,0.251658979,0.005641315,0,0,0,-3,0,0,0,3
328,-0.687109131,0.000699589,-1.115625685,-0.535185598,0.026449741,-0.670709916,0.083073117,0.059862589,0.010773699,1.193340523,-0.534191382,0.10379643,0.251658979,0.251658979,0.454864266,0.081681029,-0.941297427,-1.083072992,0.285798932,0.654700637,0.654700637,3
329,-0.670709916,1.11E-31,0,-3,3.33E-16,-0.670709916,0,0,0,0,-3,0,0,0,0.661327404,6.38E-05,0.828169331,0.902173671,0.007985105,0.679931302,0.036248485,3
330,-0.283360056,0.156603564,0.255194246,-1.66581978,0.395731682,0.332273831,1.002983747,0,0,0,-3,0,0,0,0.665067734,4.07E-05,0.101848212,-1.77120965,0.006379797,0.672789414,0.014443871,3
331,0.246529076,0.027293735,0.208732047,-0.929496542,0.165208155,0.510720234,0.523026618,0,0,0,-3,0,0,0,0.672753506,1.28E-07,-9.84937059,95.01010101,0.000357281,0.672789414,0.003590807,3
332,-4.324315331,12.5316883,-0.440035471,-1.29310295,3.540012471,0.147676739,10.2051573,0,0,0,-3,0,0,0,0.648055213,9.63E-05,0.221174026,-1.032465211,0.009813622,0.669198607,0.032931316,3
333,-7.375822582,2.19173249,-0.100211954,-1.10594382,1.480450097,-5.143304712,4.911062208,0,0,0,-3,0,0,0,0.672005782,0.000128582,0.389894894,-1.153273934,0.011339415,0.690546268,0.032200725,3
334,-3.289093951,7.311674293,0.932751475,-0.171329365,2.704010779,3.013072404,9.676376662,0,0,0,-3,0,0,0,0.690546268,1.97E-31,0,-3,4.44E-16,0.690546268,0,3
335,2.778212044,2.447192791,-0.488846615,-0.560495825,1.564350597,5.08775345,5.826152483,0,0,0,-3,0,0,0,0.689828185,2.72E-05,-1.223493455,2.345075543,0.005216593,0.697558773,0.024769359,3
336,-2.096303862,0.388482422,-0.289626067,-1.044686933,0.62328358,-0.86147227,2.259401596,0,0,0,-3,0,0,0,0.672194268,4.17E-05,-0.189969722,-1.247290629,0.006453843,0.679931302,0.01795453,3
337,-1.926346125,0.089233737,-0.605176262,0.056493276,0.298720166,-1.535365049,1.379153313,0,0,0,-3,0,0,0,0.671554056,3.09E-05,0.345797606,-1.176665108,0.00555914,0.679931302,0.01795453,3
338,-6.676653234,2.736135925,0.759849733,-0.643836096,1.654126937,-3.053111959,5.518534428,0,0,0,-3,0,0,0,0.654913352,0.000152944,1.070119248,-0.137828404,0.012367058,0.683482577,0.03979976,3
339,-0.441817146,4.887045112,-0.656030776,-0.950979691,2.210666215,1.840051627,7.128424724,0,0,0,-3,0,0,0,0.692652039,6.44E-06,-1.473481001,0.525342063,0.002536951,0.694058872,0.007038005,3
340,-0.32750966,0.08650715,-1.229223803,0.21352324,0.294120978,0.067685126,1.086080337,0,0,0,-3,0,0,0,0.685347029,9.30E-05,-1.401037737,1.533978324,0.009643995,0.694058872,0.039358235,3
341,-4.139737577,20.26544836,-0.214989798,-1.893946771,4.501716158,0.215362121,9.796718933,0,0,0,-3,0,0,0,0.355533133,0.050460582,0.167322925,-1.514660183,0.22463433,0.654700637,0.651872889,3
342,-4.988556279,2.949026544,-0.455731774,-0.523789889,1.717272996,-2.772858664,6.438534317,0,0,0,-3,0,0,0,0.824600686,0.018370827,-1.542400838,0.929557518,0.135539022,0.907190599,0.471627768,3
343,-4.216967881,0.529970498,0.393396141,-1.305594358,0.727990727,-2.880641977,2.40773112,0,0,0,-3,0,0,0,0.810038771,0.037555374,-1.952781136,2.210541296,0.19379209,0.901547893,0.666912485,3
344,0.248915116,5.232041773,-0.029460605,-1.503134659,2.287365684,3.185558865,6.534384589,0.016619977,0.003125363,3.566689764,12.14300252,0.055904951,0.306354424,0.306354424,0.237927159,0.007307309,-1.802683219,2.854201899,0.0854828,0.347972937,0.347972937,3
345,-0.410113089,0.001821526,-2.09184426,2.665159545,0.042679334,-0.390730068,0.135373639,0.759780373,0.013981631,-1.84947041,2.818677369,0.118243948,0.840223762,0.518051906,0,0,0,-3,0,0,0,3
346,-0.337258039,0.001336329,-0.694175285,-1.233624613,0.036555832,-0.298430873,0.095375848,0.829943256,1.22E-05,1.670848409,1.201677831,0.00348731,0.840223762,0.012134597,0,0,0,-3,0,0,0,3
347,-0.432234448,0.005187565,0.373070823,-1.739396517,0.072024753,-0.335350468,0.159986322,0.828089165,1.11E-31,0,-3,3.33E-16,0.828089165,0,0,0,0,-3,0,0,0,3
348,-0.497428937,2.06E-06,0.771743633,-1.404411765,0.001435201,-0.49533679,0.003076687,0.828089165,1.11E-31,0,-3,3.33E-16,0.828089165,0,0,0,0,-3,0,0,0,3
349,-0.49533679,3.08E-33,0,-3,5.55E-17,-0.49533679,0,0.828089165,1.11E-31,0,-3,3.33E-16,0.828089165,0,0,0,0,-3,0,0,0,3
350,-0.398730827,0.03834751,1.205164096,-0.221023702,0.195825203,0.012306384,0.658402261,0.825581954,1.38E-06,1.66585346,0.775067751,0.001174682,0.828089165,0.003057574,0,0,0,-3,0,0,0,3
351,-0.998173269,0.224219627,0.505963515,-1.435935562,0.473518349,-0.246128277,1.193837155,0.825031591,1.23E-32,0,-3,1.11E-16,0.825031591,0,0,0,0,-3,0,0,0,3
352,-1.622770838,0.023579065,0.259221873,-1.869958372,0.153554763,-1.439965432,0.323141567,0.825031591,1.23E-32,0,-3,1.11E-16,0.825031591,0,0,0,0,-3,0,0,0,3
353,-2.442588762,0.087852043,1.388189791,0.61535163,0.296398453,-1.763106999,0.942006096,0.133674087,0.085170802,1.787018897,1.285289545,0.291840371,0.825031591,0.825031591,0.497888448,0.065099832,-1.372565321,0.002937607,0.255146688,0.697558773,0.697558773,3
354,-1.522987692,0.317539344,0.282582536,-0.771633198,0.563506294,-0.36611688,1.94797495,0,0,0,-3,0,0,0,0.818314321,0.024174052,-0.476261899,-1.634705373,0.15548007,0.959216441,0.369179914,3
355,0.147634431,0.596816749,0.477511849,-1.216452145,0.772539157,1.593837412,2.295315014,0,0,0,-3,0,0,0,0.919017035,0.001756385,-1.378418844,0.146207699,0.041909244,0.945794292,0.114657183,3
356,-1.200287151,3.9649277,0.014213569,-1.165124445,1.991212621,1.680009589,6.588789671,0,0,0,-3,0,0,0,0.54709295,0.083693525,-0.745328622,-1.067251005,0.289298333,0.831137109,0.81386922,3
,,,,,,,,,,,,,,,0.671847809,0.011087079,-1.414567254,4.300432175,0.105295199,0.800216862,0.618526287,3
